{"age": 0.04823172383377494, "anaemia": -0.02037840296952345, "creatinine_phosphokinase": 0.00020150616348944407, "diabetes": 0.21194664851761377, "ejection_fraction": -0.0008689447079250468, "high_blood_pressure": -0.09016930039519284, "platelets": -1.0736830631300262e-06, "serum_creatinine": 0.640254857696339, "serum_sodium": -0.005839348720241625, "sex": -0.4120444956354782, "smoking": -0.024293159781290267, "time": -0.02039590342615095, "ef_sc": 0.002043793873913146}