{"age": 0.0602005021066396, "anaemia": -0.0906068237779363, "creatinine_phosphokinase": 0.00040784920791409675, "diabetes": 0.004533382830894964, "ejection_fraction": -0.12976248398831405, "high_blood_pressure": -0.2261512887045244, "platelets": -2.3574154993638215e-06, "serum_creatinine": -0.06101684383423539, "serum_sodium": 0.01976520744928987, "sex": -0.5248059307256934, "smoking": -0.15743851695313923, "time": -0.02030530797008354, "ef_sc": 0.020607636390628563}