{
  "age": 0.04810295572040902,
  "anaemia": -0.01621581493164486,
  "creatinine_phosphokinase": 0.00020306151508947036,
  "diabetes": 0.2110428937540944,
  "ejection_fraction": -0.0008616810469301224,
  "high_blood_pressure": -0.08591915181209017,
  "platelets": -1.0658626066353013e-6,
  "serum_creatinine": 0.6588825571824437,
  "serum_sodium": -0.005979919609127289,
  "sex": -0.41849127990827584,
  "smoking": -0.008881165862126637,
  "time": -0.020392914144913003,
  "ef_sc": 0.0017169765302174167
}
